DATE,PPCEND,PCEND,CNP16OV,SP500,GS1
01-01-59,19.874,125.1,114582,55.45,3.36
01-02-59,19.882,125.4,114712,55.41,3.54
01-03-59,19.868,127.7,114849,55.44,3.61
01-04-59,19.88,125.6,114986,57.59,3.72
01-05-59,19.858,128,115144,58.68,3.96
01-06-59,19.903,127.9,115287,58.47,4.07
01-07-59,19.923,127.3,115429,60.51,4.39
01-08-59,19.962,127.9,115555,59.6,4.42
01-09-59,20.013,129.4,115668,56.88,5
01-10-59,20.062,129.8,115798,57.52,4.8
01-11-59,20.028,129,115916,58.28,4.81
01-12-59,20.032,129.7,116040,59.89,5.14
01-01-60,20,129.6,116594,55.61,5.03
01-02-60,20.001,128.4,116702,56.12,4.66
01-03-60,20.037,130.8,116827,55.34,4.02
01-04-60,20.163,134.1,116910,54.37,4.04
01-05-60,20.154,130.3,117033,55.83,4.21
01-06-60,20.15,131.5,117167,56.92,3.36
01-07-60,20.182,132.2,117281,55.51,3.2
01-08-60,20.227,131.4,117431,56.96,2.95
01-09-60,20.238,131.1,117521,53.52,3.07
01-10-60,20.272,132.6,117643,53.39,3.04
01-11-60,20.343,133.1,117829,55.54,3.08
01-12-60,20.373,131.5,118001,58.11,2.86
01-01-61,20.368,132.3,118155,61.78,2.81
01-02-61,20.378,133.3,118250,63.44,2.93
01-03-61,20.334,134.6,118358,65.06,2.88
01-04-61,20.241,133.9,118503,65.31,2.88
01-05-61,20.223,134.3,118638,66.56,2.87
01-06-61,20.189,134.5,118767,64.64,3.06
01-07-61,20.253,133.9,118889,66.76,2.92
01-08-61,20.265,134.6,119006,68.07,3.06
01-09-61,20.248,135.3,119107,66.73,3.06
01-10-61,20.224,135.3,119202,68.62,3.05
01-11-61,20.226,136.3,119153,71.32,3.07
01-12-61,20.202,136.9,119214,71.55,3.18
01-01-62,20.235,137.2,119300,68.84,3.28
01-02-62,20.323,137.4,119360,69.96,3.28
01-03-62,20.331,138.9,119476,69.55,3.06
01-04-62,20.38,139,119702,65.24,2.99
01-05-62,20.353,139.5,119813,59.63,3.03
01-06-62,20.317,137.8,119943,54.75,3.03
01-07-62,20.255,138.2,120128,58.23,3.29
01-08-62,20.309,139.2,120323,59.12,3.2
01-09-62,20.545,142.5,120653,56.27,3.06
01-10-62,20.494,141,120856,56.52,2.98
01-11-62,20.49,141.7,121045,62.26,3
01-12-62,20.443,141.8,121236,63.1,3.01
01-01-63,20.516,142.8,121463,66.2,3.04
01-02-63,20.533,141.9,121633,64.29,3.01
01-03-63,20.467,142.7,121824,66.57,3.03
01-04-63,20.441,142.1,121986,69.8,3.11
01-05-63,20.467,142.4,122162,70.8,3.12
01-06-63,20.548,143.9,122352,69.37,3.2
01-07-63,20.632,144.7,122521,69.13,3.48
01-08-63,20.684,146.5,122667,72.5,3.53
01-09-63,20.591,144.3,122821,71.7,3.57
01-10-63,20.628,144,123014,74.01,3.64
01-11-63,20.675,145,123192,73.23,3.74
01-12-63,20.73,146.9,123360,75.02,3.81
01-01-64,20.799,147.2,123560,77.04,3.79
01-02-64,20.805,148.9,123707,77.8,3.78
01-03-64,20.8,149.8,123857,78.98,3.91
01-04-64,20.805,149.4,124019,79.46,3.91
01-05-64,20.772,152.3,124204,80.37,3.84
01-06-64,20.814,152.7,124386,81.69,3.83
01-07-64,20.848,154.3,124567,83.18,3.72
01-08-64,20.834,155.5,124731,81.83,3.74
01-09-64,20.897,154.8,124920,84.18,3.84
01-10-64,20.91,155.8,125108,84.86,3.86
01-11-64,20.945,153.6,125291,84.42,3.91
01-12-64,20.978,157.9,125468,84.75,4.02
01-01-65,21.001,157.3,125647,87.56,3.94
01-02-65,20.987,159,125810,87.43,4.03
01-03-65,21.036,157,125985,86.16,4.06
01-04-65,21.092,160,126155,89.11,4.04
01-05-65,21.161,161.3,126320,88.42,4.03
01-06-65,21.366,161,126499,84.12,3.99
01-07-65,21.37,163.8,126573,85.25,3.98
01-08-65,21.317,163.4,126756,87.17,4.07
01-09-65,21.281,165,126906,89.96,4.2
01-10-65,21.321,170.6,127043,92.42,4.3
01-11-65,21.348,169.8,127171,91.61,4.37
01-12-65,21.444,171.2,127294,92.43,4.72
01-01-66,21.525,172.5,127394,92.88,4.88
01-02-66,21.674,174.3,127514,91.22,4.94
01-03-66,21.774,175.4,127626,89.23,4.97
01-04-66,21.846,177.7,127744,91.06,4.9
01-05-66,21.825,176.2,127879,86.13,4.93
01-06-66,21.852,177.9,127983,84.74,4.97
01-07-66,21.867,179.7,128102,83.6,5.17
01-08-66,22.02,179.1,128240,77.1,5.54
01-09-66,22.096,180.5,128359,76.56,5.82
01-10-66,22.124,180,128494,80.2,5.58
01-11-66,22.13,180.7,128627,80.45,5.54
01-12-66,22.142,180.5,128730,80.33,5.2
01-01-67,22.124,181.5,128909,86.61,4.75
01-02-67,22.135,182.7,129032,86.78,4.71
01-03-67,22.119,182.9,129190,90.2,4.35
01-04-67,22.109,183.6,129344,94.01,4.11
01-05-67,22.143,183.6,129515,89.08,4.15
01-06-67,22.229,184.9,129722,90.64,4.48
01-07-67,22.321,183.7,129918,94.75,5.01
01-08-67,22.405,185.8,130187,93.64,5.13
01-09-67,22.454,187.8,130392,96.71,5.24
01-10-67,22.482,185.1,130582,93.3,5.37
01-11-67,22.566,187.8,130754,94,5.61
01-12-67,22.583,190.7,130936,96.47,5.71
01-01-68,22.701,191.3,131112,92.24,5.43
01-02-68,22.791,193,131277,89.36,5.41
01-03-68,22.84,196.4,131412,90.2,5.58
01-04-68,22.914,195.8,131553,97.46,5.71
01-05-68,23.008,197.3,131712,98.68,6.14
01-06-68,23.059,200.3,131872,99.58,5.98
01-07-68,23.123,202.6,132053,97.74,5.65
01-08-68,23.228,203.7,132251,98.86,5.43
01-09-68,23.289,202.2,132446,102.67,5.45
01-10-68,23.404,203.5,132617,103.41,5.57
01-11-68,23.47,207,132903,108.37,5.75
01-12-68,23.494,204.5,133120,103.86,6.19
01-01-69,23.586,207.3,133324,103.01,6.34
01-02-69,23.602,209.3,133465,98.13,6.41
01-03-69,23.703,209.9,133639,101.51,6.34
01-04-69,23.837,210.8,133821,103.69,6.26
01-05-69,23.93,213.6,134027,103.46,6.42
01-06-69,24.113,212.3,134213,97.71,7.04
01-07-69,24.221,214.6,134414,91.83,7.6
01-08-69,24.273,217.3,134597,95.51,7.54
01-09-69,24.39,216,134774,93.12,7.82
01-10-69,24.412,219.2,135012,97.12,7.64
01-11-69,24.549,219.3,135239,93.81,7.89
01-12-69,24.698,220.7,135489,92.06,8.17
01-01-70,24.799,224.5,135713,85.02,8.1
01-02-70,24.907,224,135957,89.5,7.59
01-03-70,24.902,225,136179,89.63,6.97
01-04-70,25.071,224.7,136416,81.52,7.06
01-05-70,25.124,227.2,136686,76.55,7.75
01-06-70,25.146,227.8,136928,72.72,7.55
01-07-70,25.23,228.3,137196,78.05,7.1
01-08-70,25.251,229.1,137455,81.52,6.98
01-09-70,25.369,231.7,137717,84.3,6.73
01-10-70,25.473,232.5,137988,83.25,6.43
01-11-70,25.494,233.5,138264,87.2,5.51
01-12-70,25.558,237.4,138529,92.15,5
01-01-71,25.513,236.3,138795,95.88,4.57
01-02-71,25.533,236.5,139021,96.75,3.89
01-03-71,25.605,234.6,139285,100.31,3.69
01-04-71,25.712,238.1,139566,103.95,4.3
01-05-71,25.809,237.8,139826,99.63,5.04
01-06-71,25.929,240.6,140090,98.7,5.64
01-07-71,25.948,239.1,140343,95.58,6.04
01-08-71,26.066,240.3,140596,99.03,5.8
01-09-71,26.114,241.8,140869,98.34,5.41
01-10-71,26.152,241.2,141146,94.23,4.91
01-11-71,26.177,244,141393,93.99,4.67
01-12-71,26.298,245.6,141666,102.09,4.6
01-01-72,26.391,243.2,142736,103.94,4.28
01-02-72,26.551,246.6,143017,106.57,4.27
01-03-72,26.542,251.3,143263,107.2,4.67
01-04-72,26.53,252.2,143483,107.67,4.96
01-05-72,26.571,255.4,143760,109.53,4.64
01-06-72,26.57,255.3,144033,107.14,4.93
01-07-72,26.68,258,144285,107.39,4.96
01-08-72,26.749,259.6,144522,111.09,4.98
01-09-72,26.946,262.7,144761,110.55,5.52
01-10-72,27.012,267.7,144988,111.58,5.52
01-11-72,27.098,267.9,145211,116.67,5.27
01-12-72,27.189,268.6,145446,118.05,5.52
01-01-73,27.387,272.5,145720,116.03,5.89
01-02-73,27.632,276.2,145943,111.68,6.19
01-03-73,28.017,277.6,146230,111.52,6.85
01-04-73,28.313,279.4,146459,106.97,6.85
01-05-73,28.497,280.7,146719,104.95,6.89
01-06-73,28.728,284.1,146981,104.26,7.31
01-07-73,28.773,289.9,147233,108.22,8.39
01-08-73,29.459,287.5,147471,104.25,8.82
01-09-73,29.481,292.3,147731,108.43,8.31
01-10-73,29.731,293.4,147980,108.29,7.4
01-11-73,30.154,299.1,148219,95.96,7.57
01-12-73,30.524,300.6,148479,97.55,7.27
01-01-74,31.053,305,148753,96.57,7.42
01-02-74,31.715,309.3,148982,96.22,6.88
01-03-74,32.303,312.3,149225,93.98,7.76
01-04-74,32.535,315.2,149478,90.31,8.62
01-05-74,32.909,318.6,149750,87.28,8.78
01-06-74,33.1,320.2,150012,86,8.67
01-07-74,33.313,324.4,150248,79.31,8.8
01-08-74,33.792,328.7,150493,72.15,9.36
01-09-74,34.214,329.9,150753,63.54,8.87
01-10-74,34.432,331.5,151009,73.9,8.05
01-11-74,34.73,331.5,151256,69.97,7.66
01-12-74,35.031,329.7,151494,68.56,7.31
01-01-75,35.19,334.4,151755,76.98,6.83
01-02-75,35.255,336.1,151990,81.59,5.98
01-03-75,35.232,338.1,152217,83.36,6.11
01-04-75,35.213,336.2,152443,87.3,6.9
01-05-75,35.296,348.8,152704,91.15,6.39
01-06-75,35.549,349.5,152976,95.19,6.29
01-07-75,35.995,353.6,153309,88.75,7.11
01-08-75,36.189,357.4,153580,86.88,7.7
01-09-75,36.238,356.8,153848,83.87,7.75
01-10-75,36.472,355.7,154082,89.04,6.95
01-11-75,36.615,360.4,154338,91.24,6.49
01-12-75,36.728,362.9,154589,90.19,6.6
01-01-76,36.789,369.3,154853,100.86,5.81
01-02-76,36.629,366,155066,99.71,5.91
01-03-76,36.536,367,155306,102.77,6.21
01-04-76,36.487,371.3,155529,101.64,5.92
01-05-76,36.654,370.4,155765,100.18,6.4
01-06-76,36.806,377.6,156027,104.28,6.52
01-07-76,36.945,377.9,156276,103.44,6.2
01-08-76,37.105,381,156525,102.91,6
01-09-76,37.263,382.9,156779,105.24,5.84
01-10-76,37.439,387.3,156993,102.9,5.5
01-11-76,37.59,388.2,157235,102.1,5.29
01-12-76,37.73,393.2,157438,107.46,4.89
01-01-77,37.909,394.5,157688,102.03,5.29
01-02-77,38.393,397.7,157913,99.82,5.47
01-03-77,38.52,397.1,158131,98.42,5.5
01-04-77,38.764,402.1,158371,98.44,5.44
01-05-77,38.978,404.6,158657,96.12,5.84
01-06-77,39.184,404.4,158929,100.48,5.8
01-07-77,39.29,409.8,159185,98.85,5.94
01-08-77,39.399,409,159430,96.77,6.37
01-09-77,39.451,410.9,159674,96.53,6.53
01-10-77,39.607,418.8,159915,92.34,6.97
01-11-77,39.878,426.5,160129,94.83,6.95
01-12-77,40.037,425.6,160377,95.1,6.96
01-01-78,40.213,424.2,160617,89.25,7.28
01-02-78,40.294,431.2,160831,87.04,7.34
01-03-78,40.608,437.8,161038,89.21,7.31
01-04-78,40.985,438.8,161263,96.83,7.45
01-05-78,41.357,445.7,161518,97.24,7.82
01-06-78,41.681,449.9,161795,95.53,8.09
01-07-78,41.867,450.7,162034,100.68,8.39
01-08-78,42.002,454.3,162259,103.29,8.31
01-09-78,42.193,461.8,162502,102.54,8.64
01-10-78,42.501,461.9,162783,93.15,9.14
01-11-78,42.75,469.5,163017,94.7,10.01
01-12-78,42.966,476.8,163272,96.11,10.3
01-01-79,43.504,478.9,163516,99.93,10.41
01-02-79,43.896,484.3,163726,96.28,10.24
01-03-79,44.395,490.5,164027,101.59,10.25
01-04-79,44.883,489.1,164162,101.76,10.12
01-05-79,45.434,499.4,164459,99.08,10.12
01-06-79,45.95,511.7,164721,102.91,9.57
01-07-79,46.478,511.3,164970,103.81,9.64
01-08-79,46.839,524.2,165198,109.32,9.98
01-09-79,47.366,531.5,165431,109.32,10.84
01-10-79,47.746,533.8,165813,101.82,12.44
01-11-79,48.142,541.1,166051,106.16,12.39
01-12-79,48.607,543.3,166300,107.94,11.98
01-01-80,49.39,554.2,166544,114.16,12.06
01-02-80,49.902,560.2,166759,113.66,13.92
01-03-80,50.761,565.4,166984,102.09,15.82
01-04-80,50.985,565.2,167197,106.29,13.3
01-05-80,51.258,566.4,167407,111.24,9.39
01-06-80,51.478,566.1,167643,114.24,8.16
01-07-80,51.881,570.3,167932,121.67,8.65
01-08-80,52.352,579.4,168103,122.38,10.24
01-09-80,52.743,579.8,168297,125.46,11.52
01-10-80,53.088,588,168503,127.47,12.49
01-11-80,53.459,588.7,168695,140.52,14.15
01-12-80,53.823,597,168883,135.76,14.88
01-01-81,54.332,609.8,169104,129.55,14.08
01-02-81,55.141,614.3,169280,131.27,14.57
01-03-81,55.637,618.1,169453,136,13.71
01-04-81,55.604,621.5,169641,132.81,14.32
01-05-81,55.546,620.6,169829,132.59,16.2
01-06-81,55.597,626.5,170042,131.21,14.86
01-07-81,55.803,626.5,170246,130.92,15.72
01-08-81,56.012,629.8,170399,122.79,16.72
01-09-81,56.245,631.1,170593,116.18,16.52
01-10-81,56.314,633.4,170809,121.89,15.38
01-11-81,56.382,633.7,170996,126.35,12.41
01-12-81,56.472,640,171166,122.55,12.85
01-01-82,56.612,637.3,171335,120.4,14.32
01-02-82,56.734,643.4,171489,113.11,14.73
01-03-82,56.609,638.9,171667,111.96,13.95
01-04-82,56.219,637.5,171844,116.44,13.98
01-05-82,56.533,638.6,172026,111.88,13.34
01-06-82,57.191,640,172190,109.61,14.07
01-07-82,57.448,652.6,172364,107.09,13.24
01-08-82,57.353,647,172511,119.51,11.43
01-09-82,57.336,649.6,172690,120.42,10.85
01-10-82,57.442,656.5,172881,133.72,9.32
01-11-82,57.465,655,173058,138.53,9.16
01-12-82,57.325,658.8,173199,140.64,8.91
01-01-83,57.346,655.1,173354,145.3,8.62
01-02-83,57.17,652.9,173505,148.06,8.92
01-03-83,57.239,663.1,173656,152.96,9.04
01-04-83,57.686,665.3,173794,164.43,8.98
01-05-83,58.056,672.7,173953,162.39,8.9
01-06-83,58.163,681.1,174125,167.64,9.66
01-07-83,58.362,686.3,174306,162.56,10.2
01-08-83,58.441,688.2,174440,164.4,10.53
01-09-83,58.414,690.8,174602,166.07,10.16
01-10-83,58.422,693.8,174779,163.55,9.81
01-11-83,58.35,696.5,174951,166.4,9.94
01-12-83,58.364,699.2,175121,164.93,10.11
01-01-84,58.835,710.5,175533,163.41,9.9
01-02-84,59.151,701.5,175679,157.06,10.04
01-03-84,59.19,707.4,175824,159.18,10.59
01-04-84,59.186,716.6,175969,160.05,10.9
01-05-84,59.047,719.7,176123,150.55,11.66
01-06-84,59.054,730.9,176284,153.18,12.08
01-07-84,59.117,720.2,176440,150.66,12.03
01-08-84,59.26,721.9,176583,166.68,11.82
01-09-84,59.31,731.7,176763,166.1,11.58
01-10-84,59.474,728.7,176956,166.09,10.9
01-11-84,59.413,736.7,177135,163.58,9.82
01-12-84,59.446,732.9,177306,167.24,9.33
01-01-85,59.605,737,177384,179.63,9.02
01-02-85,59.863,745.7,177516,181.18,9.29
01-03-85,60.11,744.4,177667,180.66,9.86
01-04-85,60.203,754,177799,179.83,9.14
01-05-85,60.155,753.9,177944,189.55,8.46
01-06-85,60.324,750.4,178096,191.85,7.8
01-07-85,60.354,755.2,178263,190.92,7.86
01-08-85,60.313,761.2,178405,188.63,8.05
01-09-85,60.378,765,178572,182.08,8.07
01-10-85,60.546,766,178770,189.82,8.01
01-11-85,60.826,775.2,178940,202.17,7.88
01-12-85,61.102,778.9,179112,211.28,7.67
01-01-86,61.239,784.4,179670,211.78,7.73
01-02-86,60.688,776.7,179821,226.92,7.61
01-03-86,59.629,776.7,179985,238.9,7.03
01-04-86,58.922,761.4,180148,235.52,6.44
01-05-86,59.05,768.6,180311,247.35,6.65
01-06-86,59.253,772.3,180503,250.84,6.73
01-07-86,59.152,771.6,180682,236.12,6.27
01-08-86,59.175,768.5,180828,252.93,5.93
01-09-86,59.356,773.1,180997,231.32,5.77
01-10-86,59.249,778.3,181186,243.98,5.72
01-11-86,59.297,775.2,181363,249.22,5.8
01-12-86,59.526,783.5,181547,242.17,5.87
01-01-87,60.245,782.9,181827,274.08,5.78
01-02-87,60.81,805.8,181998,284.2,5.96
01-03-87,60.988,803.5,182179,291.7,6.03
01-04-87,61.167,809,182344,288.36,6.5
01-05-87,61.293,812.4,182533,290.1,7
01-06-87,61.584,815.4,182703,304,6.8
01-07-87,61.691,817.3,182885,318.66,6.68
01-08-87,61.993,822.5,183002,329.8,7.03
01-09-87,62.111,822.2,183161,321.83,7.67
01-10-87,62.245,824.2,183311,251.79,7.59
01-11-87,62.342,826.2,183470,230.3,6.96
01-12-87,62.37,830,183620,247.08,7.17
01-01-88,62.589,832.2,183822,257.07,6.99
01-02-88,62.428,832.7,183969,267.82,6.64
01-03-88,62.546,850.3,184111,258.89,6.71
01-04-88,63.009,849.2,184232,261.33,7.01
01-05-88,63.122,854.4,184374,262.16,7.4
01-06-88,63.319,857.1,184562,273.5,7.49
01-07-88,63.841,864.7,184729,272.02,7.75
01-08-88,63.889,871.6,184830,261.52,8.17
01-09-88,64.222,876,184962,271.91,8.09
01-10-88,64.339,883.9,185114,278.97,8.11
01-11-88,64.403,888,185244,273.7,8.48
01-12-88,64.62,887.1,185402,277.72,8.99
01-01-89,65.018,902.6,185644,297.47,9.05
01-02-89,65.287,900.5,185777,288.86,9.25
01-03-89,65.705,904.5,185897,294.87,9.57
01-04-89,66.776,920.6,186024,309.64,9.36
01-05-89,67.192,930.2,186181,320.52,8.98
01-06-89,67.211,932.5,186329,317.98,8.44
01-07-89,67.257,932.6,186483,346.08,7.89
01-08-89,66.857,935,186598,351.45,8.18
01-09-89,66.896,941.2,186726,349.15,8.22
01-10-89,67.267,943,186871,340.36,7.99
01-11-89,67.268,948.6,187017,345.99,7.77
01-12-89,67.409,962.4,187165,353.4,7.72
01-01-90,68.666,965.3,188413,329.08,7.92
01-02-90,69.128,975.7,188516,331.89,8.11
01-03-90,69.255,981.5,188630,339.94,8.35
01-04-90,69.257,976.5,188778,330.8,8.4
01-05-90,69.272,977.4,188913,361.23,8.32
01-06-90,69.704,988.6,189058,358.02,8.1
01-07-90,69.956,991.1,189188,356.15,7.94
01-08-90,70.816,1004.2,189342,322.56,7.78
01-09-90,71.836,1014.1,189528,306.05,7.76
01-10-90,72.646,1016.3,189710,304,7.55
01-11-90,72.655,1023.5,189872,322.22,7.31
01-12-90,72.816,1016.5,190017,330.22,7.05
01-01-91,72.718,1013,190163,343.93,6.64
01-02-91,72.301,1010.9,190271,367.07,6.27
01-03-91,72.018,1018.6,190381,375.22,6.4
01-04-91,72.25,1017.2,190517,375.34,6.24
01-05-91,72.527,1026.7,190650,389.83,6.13
01-06-91,72.617,1021.3,190800,371.16,6.36
01-07-91,72.345,1025.2,190946,387.81,6.31
01-08-91,72.568,1026.4,191116,395.43,5.78
01-09-91,72.679,1021.6,191302,387.86,5.57
01-10-91,72.62,1018.4,191497,392.45,5.33
01-11-91,72.956,1022.6,191657,375.22,4.89
01-12-91,73.114,1021,191798,417.09,4.38
01-01-92,72.899,1040,191953,408.78,4.15
01-02-92,72.992,1038.6,192067,412.7,4.29
01-03-92,73.179,1034.4,192204,403.69,4.63
01-04-92,73.208,1043.3,192354,414.95,4.3
01-05-92,73.308,1048.4,192503,415.35,4.19
01-06-92,73.644,1049.9,192663,408.14,4.17
01-07-92,73.808,1056.2,192826,424.21,3.6
01-08-92,73.948,1061.3,193018,414.03,3.47
01-09-92,73.989,1065.6,193229,417.8,3.18
01-10-92,74.046,1073.9,193442,418.68,3.3
01-11-92,74.085,1071.5,193621,431.35,3.68
01-12-92,74.257,1079,193784,435.71,3.71
01-01-93,74.235,1078.5,193962,438.78,3.5
01-02-93,74.452,1081.4,194108,443.38,3.39
01-03-93,74.364,1077.5,194248,451.67,3.33
01-04-93,74.363,1082.4,194398,440.19,3.24
01-05-93,74.335,1091.7,194549,450.19,3.36
01-06-93,74.067,1084.9,194719,450.53,3.54
01-07-93,74.016,1091.9,194882,448.13,3.47
01-08-93,74.084,1090.4,195063,463.56,3.44
01-09-93,73.743,1095.3,195259,458.93,3.36
01-10-93,74.239,1100.2,195444,467.83,3.39
01-11-93,74.35,1107.2,195625,461.79,3.58
01-12-93,74.295,1108.5,195794,466.45,3.61
01-01-94,74.094,1109.9,195953,481.61,3.54
01-02-94,74.081,1117.8,196090,467.14,3.87
01-03-94,74.076,1122.8,196213,445.77,4.32
01-04-94,74.179,1126.1,196363,450.91,4.82
01-05-94,74.148,1124,196510,456.5,5.31
01-06-94,74.405,1134.2,196693,444.27,5.27
01-07-94,74.788,1139.3,196859,458.26,5.48
01-08-94,75.116,1155,197043,475.49,5.56
01-09-94,75.133,1154.5,197248,462.71,5.76
01-10-94,75.035,1161.1,197430,472.35,6.11
01-11-94,75.101,1159.1,197607,453.69,6.54
01-12-94,75.133,1168.8,197765,459.27,7.14
01-01-95,75.079,1173,197753,470.42,7.05
01-02-95,75.091,1161,197886,487.39,6.7
01-03-95,75.03,1166.6,198007,500.71,6.43
01-04-95,75.291,1168.4,198148,514.71,6.27
01-05-95,75.379,1178.5,198286,533.4,6
01-06-95,75.37,1184.1,198453,544.75,5.64
01-07-95,75.451,1182.9,198615,562.06,5.59
01-08-95,75.523,1178.6,198801,561.88,5.75
01-09-95,75.549,1189.5,199005,584.41,5.62
01-10-95,75.689,1181.5,199192,581.5,5.59
01-11-95,75.513,1191.5,199355,605.37,5.43
01-12-95,75.679,1201.9,199508,615.93,5.31
01-01-96,76.102,1200.1,199634,636.02,5.09
01-02-96,76.276,1209.3,199773,640.43,4.94
01-03-96,76.744,1224.1,199921,645.5,5.34
01-04-96,77.231,1237.5,200101,654.17,5.54
01-05-96,77.299,1238,200278,669.12,5.64
01-06-96,76.987,1243.1,200459,670.63,5.81
01-07-96,77.053,1244.3,200641,639.95,5.85
01-08-96,76.92,1246.2,200847,651.99,5.67
01-09-96,77.199,1249,201061,687.33,5.83
01-10-96,77.515,1263.2,201273,705.27,5.55
01-11-96,77.774,1266.5,201463,757.02,5.42
01-12-96,78.029,1275.2,201636,740.74,5.47
01-01-97,78.11,1272.2,202285,786.16,5.61
01-02-97,78.174,1283.2,202389,790.82,5.53
01-03-97,77.959,1288,202513,757.12,5.8
01-04-97,78.079,1278.7,202674,801.34,5.99
01-05-97,77.84,1273.2,202832,848.28,5.87
01-06-97,77.612,1281.8,203000,885.14,5.69
01-07-97,77.586,1291.4,203166,954.31,5.54
01-08-97,77.797,1298.1,203364,899.47,5.56
01-09-97,77.998,1303.6,203570,947.28,5.52
01-10-97,77.996,1304.3,203767,914.62,5.46
01-11-97,77.868,1313.1,203941,955.4,5.46
01-12-97,77.765,1307.2,204098,970.43,5.53
01-01-98,77.609,1309.8,204238,980.28,5.24
01-02-98,77.31,1306.9,204400,1049.34,5.31
01-03-98,76.842,1304.5,204547,1101.75,5.39
01-04-98,76.872,1314,204731,1111.75,5.38
01-05-98,77.207,1318.1,204899,1090.82,5.44
01-06-98,77.226,1328.8,205085,1133.84,5.41
01-07-98,77.387,1334.4,205270,1120.67,5.36
01-08-98,77.506,1333.4,205479,957.28,5.21
01-09-98,77.346,1337.4,205699,1017.01,4.71
01-10-98,77.528,1345,205919,1098.67,4.12
01-11-98,77.43,1354.1,206104,1163.63,4.53
01-12-98,77.65,1366.7,206270,1229.23,4.52
01-01-99,77.963,1380,206719,1279.64,4.51
01-02-99,77.716,1384.7,206873,1238.33,4.7
01-03-99,77.721,1389.9,207036,1286.37,4.78
01-04-99,78.976,1414,207236,1335.18,4.69
01-05-99,78.88,1420.4,207427,1301.84,4.85
01-06-99,78.921,1419.3,207632,1372.71,5.1
01-07-99,79.334,1421.5,207828,1328.72,5.03
01-08-99,79.678,1439,208038,1320.41,5.2
01-09-99,80.307,1458.7,208265,1282.71,5.25
01-10-99,80.39,1461.8,208483,1362.93,5.43
01-11-99,80.283,1467.4,208666,1388.91,5.55
01-12-99,80.807,1517.7,208832,1469.25,5.84
01-01-00,80.985,1463.3,211410,1394.46,6.12
01-02-00,81.574,1485.1,211576,1366.42,6.22
01-03-00,82.617,1527.2,211772,1498.58,6.22
01-04-00,82.283,1527.9,212018,1452.43,6.15
01-05-00,82.139,1531.8,212242,1420.6,6.33
01-06-00,82.892,1544.8,212466,1454.6,6.17
01-07-00,83.103,1547.5,212677,1430.83,6.08
01-08-00,82.677,1548.5,212916,1517.68,6.18
01-09-00,83.481,1575.5,213163,1436.51,6.13
01-10-00,83.272,1572.3,213405,1429.4,6.01
01-11-00,83.402,1572.2,213540,1314.95,6.09
01-12-00,83.387,1587.3,213736,1320.28,5.6
01-01-01,83.572,1581.7,213888,1366.01,4.81
01-02-01,83.712,1574.6,214110,1239.94,4.68
01-03-01,83.437,1559.9,214305,1160.33,4.3
01-04-01,83.715,1581.7,214525,1249.46,3.98
01-05-01,84.344,1602.6,214732,1255.82,3.78
01-06-01,84.368,1586.4,214950,1224.38,3.58
01-07-01,83.699,1591.6,215180,1211.23,3.62
01-08-01,83.38,1589.8,215420,1133.58,3.47
01-09-01,84.308,1591.6,215665,1040.94,2.82
01-10-01,83.33,1591.7,215903,1059.78,2.33
01-11-01,82.555,1580.3,216117,1139.45,2.18
01-12-01,81.923,1572.8,216315,1148.08,2.22
01-01-02,82.121,1577.8,216506,1130.2,2.16
01-02-02,82.37,1583.4,216663,1106.73,2.23
01-03-02,82.881,1592.6,216823,1147.39,2.57
01-04-02,83.843,1605.8,217006,1076.92,2.48
01-05-02,83.511,1601.1,217198,1067.14,2.35
01-06-02,83.577,1617.6,217407,989.82,2.2
01-07-02,83.716,1616.8,217630,911.62,1.96
01-08-02,83.945,1616.1,217866,916.07,1.76
01-09-02,83.974,1617,218107,815.28,1.72
01-10-02,84.173,1635.3,218340,885.76,1.65
01-11-02,84.205,1646.4,218548,936.31,1.49
01-12-02,84.143,1648.7,218741,879.82,1.45
01-01-03,85.004,1670.3,219897,855.7,1.36
01-02-03,85.909,1684.8,220114,841.15,1.3
01-03-03,85.841,1692.4,220317,848.18,1.24
01-04-03,84.852,1674.3,220540,916.92,1.27
01-05-03,83.814,1651,220768,963.59,1.18
01-06-03,84.104,1680.1,221014,974.5,1.01
01-07-03,84.624,1694.5,221252,990.31,1.12
01-08-03,85.495,1731.9,221507,1008.01,1.31
01-09-03,86.15,1742.2,221779,995.97,1.24
01-10-03,85.62,1730.1,222039,1050.71,1.25
01-11-03,85.67,1747.2,222279,1058.2,1.34
01-12-03,86.081,1749.5,222509,1111.92,1.31
01-01-04,86.683,1775,222161,1131.13,1.24
01-02-04,86.977,1765.8,222357,1144.94,1.24
01-03-04,87.201,1796.8,222550,1126.21,1.19
01-04-04,87.058,1786,222757,1107.3,1.43
01-05-04,87.893,1808.9,222967,1120.68,1.78
01-06-04,88.381,1809.8,223196,1140.84,2.12
01-07-04,88.246,1814.7,223422,1101.72,2.1
01-08-04,88.19,1824.3,223677,1104.24,2.02
01-09-04,88.409,1838.8,223941,1114.58,2.12
01-10-04,89.563,1867,224192,1130.2,2.23
01-11-04,90.19,1878.6,224422,1173.82,2.5
01-12-04,89.78,1879.4,224640,1211.92,2.67
01-01-05,89.239,1887.3,224837,1181.27,2.86
01-02-05,89.735,1904.7,225041,1203.6,3.03
01-03-05,90.108,1895.6,225236,1180.59,3.3
01-04-05,90.597,1927,225441,1156.85,3.32
01-05-05,90.144,1907.2,225670,1191.5,3.33
01-06-05,90.132,1916.1,225911,1191.33,3.36
01-07-05,91.274,1937.3,226153,1234.18,3.64
01-08-05,92.567,1978.8,226421,1220.33,3.87
01-09-05,95.346,2024.1,226693,1228.81,3.85
01-10-05,94.629,2043.1,226959,1207.01,4.18
01-11-05,92.758,2007.3,227204,1249.48,4.33
01-12-05,92.577,2008,227425,1248.29,4.35
01-01-06,93.558,2036.9,227553,1280.08,4.45
01-02-06,93.249,2042.2,227763,1280.66,4.68
01-03-06,93.474,2036.8,227975,1294.87,4.77
01-04-06,94.491,2070.1,228199,1310.61,4.9
01-05-06,94.811,2076.6,228428,1270.09,5
01-06-06,95.074,2079.2,228671,1270.2,5.16
01-07-06,95.982,2110.1,228912,1276.66,5.22
01-08-06,96.625,2121.1,229167,1303.82,5.08
01-09-06,95.012,2097.4,229420,1335.85,4.97
01-10-06,93.528,2082.5,229675,1377.94,5.01
01-11-06,93.209,2079.1,229905,1400.63,5.01
01-12-06,94.244,2124.3,230108,1418.3,4.94
01-01-07,94.292,2115.8,230650,1438.24,5.06
01-02-07,94.786,2120.3,230834,1406.82,5.05
01-03-07,95.811,2150.2,231034,1420.86,4.92
01-04-07,96.261,2154.5,231253,1482.37,4.93
01-05-07,97.047,2171.4,231480,1530.62,4.91
01-06-07,97.164,2172.5,231713,1503.35,4.96
01-07-07,97.421,2190.6,231958,1455.27,4.96
01-08-07,97.195,2172.2,232211,1473.99,4.47
01-09-07,97.901,2190.1,232461,1526.75,4.14
01-10-07,98.32,2193,232715,1549.38,4.1
01-11-07,99.968,2239.8,232939,1481.14,3.5
01-12-07,100.406,2253,233156,1468.36,3.26
01-01-08,100.89,2251.9,232616,1378.55,2.71
01-02-08,101.243,2234.6,232809,1330.63,2.05
01-03-08,101.642,2275.3,232995,1322.7,1.54
01-04-08,102.078,2289.4,233198,1385.59,1.74
01-05-08,103.042,2311,233405,1400.38,2.06
01-06-08,105.245,2356.4,233627,1280,2.42
01-07-08,106.442,2371.4,233864,1267.38,2.28
01-08-08,105.86,2351.4,234107,1282.83,2.18
01-09-08,106.215,2322.4,234360,1166.36,1.91
01-10-08,103.801,2272.2,234612,968.75,1.42
01-11-08,98.866,2155,234828,896.24,1.07
01-12-08,96.515,2090,235035,903.25,0.49
01-01-09,96.876,2111.6,234739,825.88,0.44
01-02-09,97.872,2140.6,234913,735.09,0.62
01-03-09,97.666,2122.7,235086,797.87,0.64
01-04-09,97.992,2126.5,235271,872.81,0.55
01-05-09,98.422,2135.5,235452,919.14,0.5
01-06-09,100.713,2168.9,235655,919.32,0.51
01-07-09,100.569,2176.4,235870,987.48,0.48
01-08-09,101.422,2207,236087,1020.62,0.46
01-09-09,101.681,2213.9,236322,1057.08,0.4
01-10-09,101.874,2223,236550,1036.19,0.37
01-11-09,102.377,2229,236743,1095.63,0.31
01-12-09,102.535,2246.4,236924,1115.1,0.37
01-01-10,103.021,2259.4,236832,1073.87,0.35
01-02-10,102.846,2266,236998,1104.49,0.35
01-03-10,102.737,2268.7,237159,1169.43,0.4
01-04-10,102.388,2261.7,237329,1186.69,0.45
01-05-10,102.14,2257.1,237499,1089.41,0.37
01-06-10,102.12,2264.1,237690,1030.71,0.32
01-07-10,102.438,2262.5,237890,1101.6,0.29
01-08-10,102.782,2294,238099,1049.33,0.26
01-09-10,103.068,2305.4,238322,1141.2,0.26
01-10-10,103.832,2331.5,238530,1183.26,0.23
01-11-10,104.274,2356.6,238715,1180.55,0.25
01-12-10,105.369,2378.6,238889,1257.64,0.29
01-01-11,105.994,2402.2,238704,1286.12,0.27
01-02-11,106.587,2417.2,238851,1327.22,0.29
01-03-11,107.77,2436.7,239000,1325.83,0.26
01-04-11,108.876,2468.8,239146,1363.61,0.25
01-05-11,109.564,2473.9,239313,1345.2,0.19
01-06-11,109.369,2484.1,239489,1320.64,0.18
01-07-11,109.706,2484.1,239671,1292.28,0.19
01-08-11,110.139,2486.3,239871,1218.89,0.11
01-09-11,110.608,2497.1,240071,1131.42,0.1
01-10-11,110.474,2507.9,240269,1253.3,0.11
01-11-11,110.741,2506.9,240441,1246.96,0.11
01-12-11,110.431,2488.4,240584,1257.6,0.12
01-01-12,110.872,2514.5,242269,1312.41,0.12
01-02-12,111.356,2537.1,242435,1365.68,0.16
01-03-12,111.928,2545.2,242604,1408.47,0.19
01-04-12,112.018,2555.5,242784,1397.91,0.18
01-05-12,111.301,2537.4,242966,1310.33,0.19
01-06-12,110.903,2520.6,243155,1362.16,0.19
01-07-12,110.809,2527.3,243354,1379.32,0.19
01-08-12,111.949,2558.8,243566,1406.58,0.18
01-09-12,113.016,2583.4,243772,1440.67,0.18
01-10-12,113.427,2593,243983,1412.16,0.18
01-11-12,112.444,2566.9,244174,1416.18,0.18
01-12-12,111.914,2558.4,244350,1426.19,0.16
01-01-13,111.797,2581.5,244663,1498.11,0.15
01-02-13,112.9,2614.2,244828,1514.68,0.16
01-03-13,111.999,2587.5,244995,1569.19,0.15
01-04-13,111.25,2560.1,245175,1597.57,0.12
01-05-13,111.213,2575.3,245363,1630.74,0.12
01-06-13,111.968,2591.5,245552,1606.28,0.14
01-07-13,112.274,2610.3,245756,1685.73,0.12
01-08-13,112.404,2602.3,245959,1632.97,0.13
01-09-13,112.269,2626.1,246168,1681.55,0.12
01-10-13,112.05,2614.6,246381,1756.54,0.12
01-11-13,111.897,2618.1,246567,1805.81,0.12
01-12-13,112.277,2641.1,246745,1848.36,0.13
01-01-14,112.282,2613.5,246915,1782.59,0.12
01-02-14,112.263,2634.8,247085,1859.45,0.12
01-03-14,112.147,2636.8,247258,1872.34,0.13
01-04-14,112.619,2654.8,247439,1883.95,0.11
01-05-14,113.141,2656,247622,1923.57,0.1
01-06-14,113.927,2687.6,247814,1960.23,0.1
01-07-14,114.029,2692.3,248023,1930.67,0.11
01-08-14,113.381,2691.8,248229,2003.37,0.11
01-09-14,113.348,2689.8,248446,1972.29,0.11
01-10-14,113.131,2697.1,248657,2018.05,0.1
01-11-14,112.008,2685.7,248844,2067.56,0.13
01-12-14,110.705,2649.3,249027,2058.9,0.21
01-01-15,108.117,2591.7,249723,1994.99,0.2
